{"Total Loss": 9.831175804138184, "Mel L1 Loss": 0.45642706751823425, "Mel L2 Loss": 0.5316740274429321, "Phase L1 Loss": 1.5146318674087524, "Phase L2 Loss": 5.813048839569092, "Duration L1 Loss": 0.3522528409957886, "Duration L2 Loss": 0.21477408707141876, "Epoch Len L1 Loss": 0.4671725928783417, "Epoch Len L2 Loss": 0.4811944365501404, "_timestamp": 1697807620.722123, "_runtime": 472.5955328941345, "_step": 734}