{"Total Loss": 20.95427703857422, "Mel L1 Loss": 0.9024527668952942, "Mel L2 Loss": 2.3183045387268066, "Phase L1 Loss": 1.8120896816253662, "Phase L2 Loss": 7.219410419464111, "Duration L1 Loss": 2.0060341358184814, "Duration L2 Loss": 4.961093902587891, "Epoch Len L1 Loss": 0.6125586032867432, "Epoch Len L2 Loss": 1.122333288192749, "_timestamp": 1697808444.5429254, "_runtime": 127.0599913597107, "_step": 135}