{"Total Loss": 8.103740692138672, "Mel L1 Loss": 0.1854005753993988, "Mel L2 Loss": 0.2772537171840668, "Phase L1 Loss": 1.4103432893753052, "Phase L2 Loss": 5.670729160308838, "Duration L1 Loss": 0.32504215836524963, "Duration L2 Loss": 0.180790975689888, "Epoch Len L1 Loss": 0.049195244908332825, "Epoch Len L2 Loss": 0.004984709434211254, "_timestamp": 1697809909.7664173, "_runtime": 1008.8399012088776, "_step": 1469}