{"Total Loss": 8.333374977111816, "Mel L1 Loss": 0.2411840707063675, "Mel L2 Loss": 0.3310612440109253, "Phase L1 Loss": 1.4206432104110718, "Phase L2 Loss": 5.679126739501953, "Duration L1 Loss": 0.3284582197666168, "Duration L2 Loss": 0.18307308852672577, "Epoch Len L1 Loss": 0.11926590651273727, "Epoch Len L2 Loss": 0.03056368976831436, "_timestamp": 1697809791.7515671, "_runtime": 890.8250510692596, "_step": 1283}