{"Total Loss": 8.253576278686523, "Mel L1 Loss": 0.1802375614643097, "Mel L2 Loss": 0.3117492198944092, "Phase L1 Loss": 1.3834952116012573, "Phase L2 Loss": 5.896711349487305, "Duration L1 Loss": 0.3022878170013428, "Duration L2 Loss": 0.15323393046855927, "Epoch Len L1 Loss": 0.024234550073742867, "Epoch Len L2 Loss": 0.0016269623301923275, "_timestamp": 1697809791.1242273, "_runtime": 2157.7841663360596, "_step": 3420}