{"Total Loss": 7.950989246368408, "Mel L1 Loss": 0.1788492053747177, "Mel L2 Loss": 0.2862696945667267, "Phase L1 Loss": 1.3745064735412598, "Phase L2 Loss": 5.59871768951416, "Duration L1 Loss": 0.30502644181251526, "Duration L2 Loss": 0.17038629949092865, "Epoch Len L1 Loss": 0.03448394313454628, "Epoch Len L2 Loss": 0.0027495697140693665, "_timestamp": 1697809909.5384548, "_runtime": 2276.1983938217163, "_step": 3609}