{"Total Loss": 28.770736694335938, "Mel L1 Loss": 0.9038443565368652, "Mel L2 Loss": 2.3505473136901855, "Phase L1 Loss": 1.8220787048339844, "Phase L2 Loss": 7.729647636413574, "Duration L1 Loss": 3.0269782543182373, "Duration L2 Loss": 10.065080642700195, "Epoch Len L1 Loss": 0.8160611987113953, "Epoch Len L2 Loss": 2.0564982891082764, "_timestamp": 1697808695.3374472, "_runtime": 242.12492322921753, "_step": 305}